{"options":{"check_for_updates":true,"comment":null,"compat_foreach":false,"compat_metadata":false,"compat_prototypes":false,"compat_wrappedjsobject":false,"compatopts_for_requires":true,"noframes":null,"override":{"merge_connects":true,"merge_excludes":true,"merge_includes":true,"merge_matches":true,"orig_connects":["d.pcs.baidu.com","baidu.com","baidupcs.com","baiduyun.wiki","localhost"],"orig_excludes":["*://*.eggvod.cn/*"],"orig_includes":["*://pan.baidu.com/disk/home*","*://yun.baidu.com/disk/home*","*://pan.baidu.com/s*","*://yun.baidu.com/s*","*://pan.baidu.com/share/*","*://yun.baidu.com/share/*","*.youku.com/v*","*m.youku.com/*","*.iqiyi.com/v_*","*.iqiyi.com/w_*","*.iqiyi.com/a_*","*.iq.com/play/*","*.le.com/ptv/vplay/*","*v.qq.com/x*","*v.qq.com/p*","*v.qq.com/cover*","*v.qq.com/tv/*","*.tudou.com/listplay/*","*.tudou.com/albumplay/*","*.tudou.com/programs/view/*","*.tudou.com/v*","*.mgtv.com/b/*","*tv.sohu.com/*","*film.sohu.com/album/*","*.bilibili.com/video/*","*.bilibili.com/anime/*","*.bilibili.com/bangumi/play/*","*.bilibili.com/s/*","*.pptv.com/show/*","*.wasu.cn/Play/show*","*v.yinyuetai.com/video/*","*v.yinyuetai.com/playlist/*","*://item.taobao.com/*","*://*detail.tmall.com/*","*://*detail.tmall.hk/*","*://*item.jd.com/*","*://*.yiyaojd.com/*","*://*.liangxinyao.com/*","*music.163.com/*","*://y.qq.com/*","*://i.y.qq.com/*","*://*.kugou.com/*","*://*kuwo.cn/*","*://*.xiami.com/*","*://music.taihe.com/song*","*://*.1ting.com/player*","*://music.migu.cn/v*","*://*.lizhi.fm/*","*://*.qingting.fm/*","*://*.ximalaya.com/*"],"orig_matches":[],"orig_noframes":null,"orig_run_at":"document-idle","use_blockers":[],"use_connects":[],"use_excludes":[],"use_includes":[],"use_matches":[]},"run_at":null},"settings":{"enabled":true,"position":2},"meta":{"name":"懒人专用，全网VIP视频免费破解去广告、全网音乐直接下载、百度网盘直接下载等多合一版。长期更新，放心使用。","uuid":"7e9abd47-6bff-444d-b209-c2dd23431c56","modified":1638789998866,"file_url":"https://greasyfork.org/scripts/370634-%E6%87%92%E4%BA%BA%E4%B8%93%E7%94%A8-%E5%85%A8%E7%BD%91vip%E8%A7%86%E9%A2%91%E5%85%8D%E8%B4%B9%E7%A0%B4%E8%A7%A3%E5%8E%BB%E5%B9%BF%E5%91%8A-%E5%85%A8%E7%BD%91%E9%9F%B3%E4%B9%90%E7%9B%B4%E6%8E%A5%E4%B8%8B%E8%BD%BD-%E7%99%BE%E5%BA%A6%E7%BD%91%E7%9B%98%E7%9B%B4%E6%8E%A5%E4%B8%8B%E8%BD%BD-%E7%9F%A5%E4%B9%8E%E8%A7%86%E9%A2%91%E4%B8%8B%E8%BD%BD%E7%AD%89%E5%A4%9A%E5%90%88%E4%B8%80%E7%89%88-%E9%95%BF%E6%9C%9F%E6%9B%B4%E6%96%B0-%E6%94%BE%E5%BF%83%E4%BD%BF%E7%94%A8/code/%E6%87%92%E4%BA%BA%E4%B8%93%E7%94%A8%EF%BC%8C%E5%85%A8%E7%BD%91VIP%E8%A7%86%E9%A2%91%E5%85%8D%E8%B4%B9%E7%A0%B4%E8%A7%A3%E5%8E%BB%E5%B9%BF%E5%91%8A%E3%80%81%E5%85%A8%E7%BD%91%E9%9F%B3%E4%B9%90%E7%9B%B4%E6%8E%A5%E4%B8%8B%E8%BD%BD%E3%80%81%E7%99%BE%E5%BA%A6%E7%BD%91%E7%9B%98%E7%9B%B4%E6%8E%A5%E4%B8%8B%E8%BD%BD%E3%80%81%E7%9F%A5%E4%B9%8E%E8%A7%86%E9%A2%91%E4%B8%8B%E8%BD%BD%E7%AD%89%E5%A4%9A%E5%90%88%E4%B8%80%E7%89%88%E3%80%82%E9%95%BF%E6%9C%9F%E6%9B%B4%E6%96%B0%EF%BC%8C%E6%94%BE%E5%BF%83%E4%BD%BF%E7%94%A8%E3%80%82.user.js"}}