{"options":{"check_for_updates":true,"comment":null,"compat_foreach":false,"compat_metadata":false,"compat_prototypes":false,"compat_wrappedjsobject":false,"compatopts_for_requires":true,"noframes":null,"override":{"merge_connects":true,"merge_excludes":true,"merge_includes":true,"merge_matches":true,"orig_connects":[],"orig_excludes":[],"orig_includes":[],"orig_matches":["*://mooc.icve.com.cn/study/*"],"orig_noframes":null,"orig_run_at":"document-idle","use_blockers":[],"use_connects":[],"use_excludes":[],"use_includes":[],"use_matches":[]},"run_at":null},"settings":{"enabled":true,"position":1},"meta":{"name":"智慧职教MOOC学院 --网课助手 (蓝版)","uuid":"4f284a4d-0cf0-465c-af92-327552601595","modified":1617858736227,"file_url":"https://greasyfork.org/scripts/404676-%E6%99%BA%E6%85%A7%E8%81%8C%E6%95%99mooc%E5%AD%A6%E9%99%A2-%E7%BD%91%E8%AF%BE%E5%8A%A9%E6%89%8B-%E8%93%9D%E7%89%88/code/%E6%99%BA%E6%85%A7%E8%81%8C%E6%95%99MOOC%E5%AD%A6%E9%99%A2%20--%E7%BD%91%E8%AF%BE%E5%8A%A9%E6%89%8B%20(%E8%93%9D%E7%89%88).user.js"}}