{"options":{"check_for_updates":true,"comment":null,"compat_foreach":false,"compat_metadata":false,"compat_prototypes":false,"compat_wrappedjsobject":false,"compatopts_for_requires":true,"noframes":null,"override":{"merge_connects":true,"merge_excludes":true,"merge_includes":true,"merge_matches":true,"orig_connects":["baidu.com","baidupcs.com","cdn.jsdelivr.net"],"orig_excludes":[],"orig_includes":[],"orig_matches":["*://pan.baidu.com/disk/home*","*://pan.baidu.com/disk/main*","*://yun.baidu.com/disk/home*"],"orig_noframes":null,"orig_run_at":"document-start","use_blockers":[],"use_connects":[],"use_excludes":[],"use_includes":[],"use_matches":[]},"run_at":null},"settings":{"enabled":true,"position":9},"meta":{"name":"秒传链接提取","uuid":"9a5312d5-adc3-453b-a1d4-d32dd5eb4929","modified":1638794671871,"file_url":"https://greasyfork.org/scripts/424574-%E7%A7%92%E4%BC%A0%E9%93%BE%E6%8E%A5%E6%8F%90%E5%8F%96/code/%E7%A7%92%E4%BC%A0%E9%93%BE%E6%8E%A5%E6%8F%90%E5%8F%96.user.js"}}