{"options":{"check_for_updates":true,"comment":null,"compat_foreach":false,"compat_metadata":false,"compat_prototypes":false,"compat_wrappedjsobject":false,"compatopts_for_requires":true,"noframes":null,"override":{"merge_connects":true,"merge_excludes":true,"merge_includes":true,"merge_matches":true,"orig_connects":["tt.shuqiandiqiu.com","api.bilibili.com"],"orig_excludes":[],"orig_includes":["*://*.youku.com/v_*","*://*.iqiyi.com/v_*","*://*.iqiyi.com/w_*","*://*.iqiyi.com/a_*","*://*.le.com/ptv/vplay/*","*://v.qq.com/x/cover/*","*://v.qq.com/x/page/*","*://v.qq.com/tv/*","*://*.tudou.com/listplay/*","*://*.tudou.com/albumplay/*","*://*.tudou.com/programs/view/*","*://*.mgtv.com/b/*","*://film.sohu.com/album/*","*://tv.sohu.com/v/*","*://*.bilibili.com/video/*","*://*.bilibili.com/bangumi/play/*","*://*.baofeng.com/play/*","*://vip.pptv.com/show/*","*://v.pptv.com/show/*","*://www.le.com/ptv/vplay/*","*://www.wasu.cn/Play/show/*","*://m.v.qq.com/x/cover/*","*://m.v.qq.com/x/page/*","*://m.v.qq.com/*","*://m.iqiyi.com/*","*://m.iqiyi.com/kszt/*","*://m.youku.com/alipay_video/*","*://m.mgtv.com/b/*","*://m.tv.sohu.com/v/*","*://m.film.sohu.com/album/*","*://m.le.com/ptv/vplay/*","*://m.pptv.com/show/*","*://m.acfun.cn/v/*","*://m.bilibili.com/video/*","*://m.bilibili.com/anime/*","*://m.bilibili.com/bangumi/play/*","*://m.wasu.cn/Play/show/*","*://www.youtube.com","*://www.youtube.com/","*://www.youtube.com/watch*","*://www.facebook.com/*","*://yt1s.com/facebook-downloader","*music.163.com*","*://y.qq.com*","*://www.kugou.com*","*://www.kuwo.cn*","*://www.lizhi.fm*","*://*.ximalaya.com*","*://music.migu.cn*","*://*.taobao.com/*","*://*detail.tmall.com/*","*://*detail.tmall.hk/*","*://*item.jd.com/*","*://item.yiyaojd.com/*","*://npcitem.jd.hk/*","*://www.laisoyixia.com/download/detail**"],"orig_matches":[],"orig_noframes":null,"orig_run_at":"document-idle","use_blockers":[],"use_connects":[],"use_excludes":[],"use_includes":[],"use_matches":[]},"run_at":null},"settings":{"enabled":true,"position":4},"meta":{"name":"解锁B站大会员番剧、B站视频解析下载；全网VIP视频免费破解去广告；全网音乐直接下载；油管、Facebook等国外视频解析下载；网盘搜索引擎破解无限下载等","uuid":"7288a36c-e9f9-4c0a-a85f-0161e8ac595e","modified":1638789998869,"file_url":"https://greasyfork.org/scripts/418804-%E7%A0%B4%E8%A7%A3%E5%8A%A9%E6%89%8B-%E8%A7%A3%E9%94%81b%E7%AB%99%E5%A4%A7%E4%BC%9A%E5%91%98-%E7%95%AA%E5%89%A7-%E5%85%A8%E7%BD%91vip%E8%A7%86%E9%A2%91%E5%85%8D%E8%B4%B9%E7%A0%B4%E8%A7%A3%E5%8E%BB%E5%B9%BF%E5%91%8A-%E5%85%A8%E7%BD%91%E9%9F%B3%E4%B9%90%E7%9B%B4%E6%8E%A5%E4%B8%8B%E8%BD%BD-ab%E7%AB%99%E8%A7%86%E9%A2%91%E8%A7%A3%E6%9E%90%E4%B8%8B%E8%BD%BD-%E6%B2%B9%E7%AE%A1-facebook%E7%AD%89%E5%9B%BD%E5%A4%96%E8%A7%86%E9%A2%91%E8%A7%A3%E6%9E%90%E4%B8%8B%E8%BD%BD-%E9%AB%98%E6%B8%85%E7%94%B5%E8%A7%86%E9%A2%91%E9%81%93%E8%A7%82%E7%9C%8B%E7%AD%89/code/%E7%A0%B4%E8%A7%A3%E5%8A%A9%E6%89%8B%EF%BC%9A%E8%A7%A3%E9%94%81B%E7%AB%99%E5%A4%A7%E4%BC%9A%E5%91%98%EF%BC%8C%E7%95%AA%E5%89%A7%EF%BC%9B%E5%85%A8%E7%BD%91VIP%E8%A7%86%E9%A2%91%E5%85%8D%E8%B4%B9%E7%A0%B4%E8%A7%A3%E5%8E%BB%E5%B9%BF%E5%91%8A%EF%BC%9B%E5%85%A8%E7%BD%91%E9%9F%B3%E4%B9%90%E7%9B%B4%E6%8E%A5%E4%B8%8B%E8%BD%BD%EF%BC%9BAB%E7%AB%99%E8%A7%86%E9%A2%91%E8%A7%A3%E6%9E%90%E4%B8%8B%E8%BD%BD%EF%BC%9B%E6%B2%B9%E7%AE%A1%E3%80%81Facebook%E7%AD%89%E5%9B%BD%E5%A4%96%E8%A7%86%E9%A2%91%E8%A7%A3%E6%9E%90%E4%B8%8B%E8%BD%BD%EF%BC%9B%E9%AB%98%E6%B8%85%E7%94%B5%E8%A7%86%E9%A2%91%E9%81%93%E8%A7%82%E7%9C%8B%E7%AD%89.user.js"}}